PopID,DataSource,DataVersion,DataUpdated,ESApopName,PopName,MPG,ESU,Species,MAT,CT,Delist,Delist_Class,Size,Priority,Pop_Status,Data_Status,PopFit,Hatchery_Type,Data_Attribution_Source,Data_Link,CA,SPS,Include_In_Tool
3,,,,Chinook Salmon (Lower Columbia River ESU) - Cispus River Spring-run,Cispus River,Cascade,Lower Columbia River Chinook Salmon ESU,Chinook,,, ,,,4,,,,,,,,,
6,NOAA Salmonid Population Summary,Status Review 2015,4/25/2016,Chinook Salmon (Lower Columbia River ESU) - Coweeman River Fall-run,Coweeman River,Cascade,Lower Columbia River Chinook Salmon ESU,Chinook,,,900,Primary,None,4,Extant,available,Same,,NOAA Salmon Population Summary database ,https://www.webapps.nwfsc.noaa.gov/apex/f?p=261:HOME:::::: ,TRUE,TRUE,TRUE
11,NOAA Salmonid Population Summary,Status Review 2015,4/25/2016,Chinook Salmon (Lower Columbia River ESU) - Kalama River Fall-run,Kalama River Fall,Cascade,Lower Columbia River Chinook Salmon ESU,Chinook,,,500,Contributing,None,4,Extant,available,Same,,NOAA Salmon Population Summary database ,https://www.webapps.nwfsc.noaa.gov/apex/f?p=261:HOME:::::: ,TRUE,TRUE,TRUE
12,NOAA Salmonid Population Summary,Status Review 2015,4/25/2016,Chinook Salmon (Lower Columbia River ESU) - Kalama River Spring-run,Kalama River Spring,Cascade,Lower Columbia River Chinook Salmon ESU,Chinook,,,300,Contributing,None,4,Extant,available,Same,,NOAA Salmon Population Summary database ,https://www.webapps.nwfsc.noaa.gov/apex/f?p=261:HOME:::::: ,,TRUE,TRUE
13,NOAA Salmonid Population Summary,Status Review 2015,4/25/2016,Chinook Salmon (Lower Columbia River ESU) - Lewis River Bright,Lewis River Bright,Cascade,Lower Columbia River Chinook Salmon ESU,Chinook,,,7300,Primary,None,4,Extant,available,Same,,NOAA Salmon Population Summary database ,https://www.webapps.nwfsc.noaa.gov/apex/f?p=261:HOME:::::: ,TRUE,TRUE,TRUE
14,NOAA Salmonid Population Summary,Status Review 2015,4/25/2016,Chinook Salmon (Lower Columbia River ESU) - Lewis River Fall-run,Lewis River Fall,Cascade,Lower Columbia River Chinook Salmon ESU,Chinook,,,1500,Primary,None,4,Extant,available,Same,,NOAA Salmon Population Summary database ,https://www.webapps.nwfsc.noaa.gov/apex/f?p=261:HOME:::::: ,TRUE,TRUE,TRUE
15,NOAA Salmonid Population Summary,Status Review 2015,4/25/2016,Chinook Salmon (Lower Columbia River ESU) - Lower Cowlitz River Fall-run,Lower Cowlitz River,Cascade,Lower Columbia River Chinook Salmon ESU,Chinook,,,3000,Contributing,None,4,Extant,available,Same,,NOAA Salmon Population Summary database ,https://www.webapps.nwfsc.noaa.gov/apex/f?p=261:HOME:::::: ,TRUE,TRUE,TRUE
18,Coordinated Assessments,,11/19/2016,Chinook Salmon (Lower Columbia River ESU) - North Fork Lewis River Spring-run,North Fork Lewis River Spring,Cascade,Lower Columbia River Chinook Salmon ESU,Chinook,,,1500,Primary,,4,Extant,,,,Coordinated Assessments Exchange (CAX): Published  ,http://www.streamnet.org/data/downloadable-data/,TRUE,,TRUE
19,,,,Chinook Salmon (Lower Columbia River ESU) - Salmon Creek Fall-run,Salmon Creek Fall,Cascade,Lower Columbia River Chinook Salmon ESU,Chinook,,,,,,4,,,,,,,,,
20,NOAA Salmonid Population Summary,Status Review 2015,4/25/2016,Chinook Salmon (Lower Columbia River ESU) - Sandy River Bright,Sandy River Bright,Cascade,Lower Columbia River Chinook Salmon ESU,Chinook,,,3561,Primary,None,4,Extant,available,Same,,NOAA Salmon Population Summary database ,https://www.webapps.nwfsc.noaa.gov/apex/f?p=261:HOME:::::: ,TRUE,TRUE,TRUE
21,Coordinated Assessments Exchange (CAX): Published  ,http://www.streamnet.org/data/downloadable-data/,TRUE,Chinook Salmon (Lower Columbia River ESU) - Sandy River Fall-run,Sandy River Fall,Cascade,Lower Columbia River Chinook Salmon ESU,Chinook,,,1031,Contributing,,4,Extant,,,,Coordinated Assessments Exchange (CAX): Published  ,http://www.streamnet.org/data/downloadable-data/,TRUE,,TRUE
22,NOAA Salmonid Population Summary,Status Review 2015,4/25/2016,Chinook Salmon (Lower Columbia River ESU) - Sandy River Spring-run,Sandy River Spring,Cascade,Lower Columbia River Chinook Salmon ESU,Chinook,,7871,1230,,None,4,Extant,available,Same,,NOAA Salmon Population Summary database ,https://www.webapps.nwfsc.noaa.gov/apex/f?p=261:HOME:::::: ,TRUE,TRUE,TRUE
24,,,,Chinook Salmon (Lower Columbia River ESU) - Tilton River Spring-run,Tilton River Spring,Cascade,Lower Columbia River Chinook Salmon ESU,Chinook,,,100,Stabilizing,,,Extant,,,,,,,,
25,NOAA Salmonid Population Summary,Status Review 2015,4/25/2016,Chinook Salmon (Lower Columbia River ESU) - Toutle River Fall-run,Toutle River Fall,Cascade,Lower Columbia River Chinook Salmon ESU,Chinook,,,4000,Primary,None,4,Extant,available,Same,,NOAA Salmon Population Summary database ,https://www.webapps.nwfsc.noaa.gov/apex/f?p=261:HOME:::::: ,TRUE,TRUE,TRUE
26,,,,Chinook Salmon (Lower Columbia River ESU) - Toutle River Spring-run,Toutle River Spring,Cascade,Lower Columbia River Chinook Salmon ESU,Chinook,,,1100,Contributing,,,Extant,,,,,,,,
27,NOAA Salmonid Population Summary,Status Review 2015,4/25/2016,Chinook Salmon (Lower Columbia River ESU) - Upper Cowlitz River Fall-run,Upper Cowlitz River Fall,Cascade,Lower Columbia River Chinook Salmon ESU,Chinook,,,0,Stabilizing,None,4,Extant,available,Same,,NOAA Salmon Population Summary database ,https://www.webapps.nwfsc.noaa.gov/apex/f?p=261:HOME:::::: ,TRUE,TRUE,TRUE
28,NOAA Salmonid Population Summary,Status Review 2015,4/25/2016,Chinook Salmon (Lower Columbia River ESU) - Upper Cowlitz River Spring-run,Upper Cowlitz River Spring,Cascade,Lower Columbia River Chinook Salmon ESU,Chinook,,,1800,Primary,None,4,Extant,available,Same,,NOAA Salmon Population Summary database ,https://www.webapps.nwfsc.noaa.gov/apex/f?p=261:HOME:::::: ,TRUE,TRUE,TRUE
30,NOAA Salmonid Population Summary,Status Review 2015,4/25/2016,Chinook Salmon (Lower Columbia River ESU) - Washougal River Fall-run,Washougal River,Cascade,Lower Columbia River Chinook Salmon ESU,Chinook,,,1200,Primary,None,4,Extant,available,Same,,NOAA Salmon Population Summary database ,https://www.webapps.nwfsc.noaa.gov/apex/f?p=261:HOME:::::: ,TRUE,TRUE,TRUE
110,,,,Chum Salmon (Columbia River ESU) - Big Creek,Big Creek,,Columbia River Chum Salmon ESU,Chum,,,500,Stabilizing,,,Extant,,,,,,,,TRUE
111,,,,Chum Salmon (Columbia River ESU) - Clackamas River,Clackamas River,,Columbia River Chum Salmon ESU,Chum,,,500,Contributing,,,Extant,,,,,,,,TRUE
112,,,,Chum Salmon (Columbia River ESU) - Clatskanie River,Clatskanie River,,Columbia River Chum Salmon ESU,Chum,,,1000,Primary,,,Extant,,,,,,,,TRUE
113,,,,Chum Salmon (Columbia River ESU) - Cowlitz River,Cowlitz River,Cascade,Columbia River Chum Salmon ESU,Chum,,,900,Contributing,,4,Extant,,,,,,,,TRUE
114,,,,Chum Salmon (Columbia River ESU) - Elochoman River,Elochoman River,,Columbia River Chum Salmon ESU,Chum,,,1300,Primary,,,Extant,,,,,,,,TRUE
115,,,,Chum Salmon (Columbia River ESU) - Grays & Chinook Rivers,Grays & Chinook Rivers,,Columbia River Chum Salmon ESU,Chum,,,1600,Primary,,,Extant,,,,,,,,TRUE
116,,,,Chum Salmon (Columbia River ESU) - Kalama River,Kalama River,Cascade,Columbia River Chum Salmon ESU,Chum,,,900,Contributing,,4,Extant,,,,,,,,TRUE
117,,,,Chum Salmon (Columbia River ESU) - Lewis River, Lewis River,Cascade,Columbia River Chum Salmon ESU,Chum,,,1300,Primary,,4,Extant,,,,,,,,TRUE
118,,,,Chum Salmon (Columbia River ESU) - Lower Gorge Tributaries, Lower Gorge Tributaries,,Columbia River Chum Salmon ESU,Chum,,,2000,Primary,,,Extant,,,,,,,,TRUE
119,,,,Chum Salmon (Columbia River ESU) - Mill Creek,Mill Creek,,Columbia River Chum Salmon ESU,Chum,,,1300,Primary,,,Extant,,,,,,,,TRUE
120,,,,Chum Salmon (Columbia River ESU) - Salmon Creek,Salmon Creek,Cascade,Columbia River Chum Salmon ESU,Chum,,,0,Stabilizing,,4,,,,,,,,,TRUE
121,,,,Chum Salmon (Columbia River ESU) - Sandy River,Sandy River,Cascade,Columbia River Chum Salmon ESU,Chum,,,1000,Primary,,4,Extant,,,,,,,,TRUE
122,,,,Chum Salmon (Columbia River ESU) - Scappoose River, Scappoose River,,Columbia River Chum Salmon ESU,Chum,,,1000,Primary,,,Extant,,,,,,,,TRUE
123,,,,Chum Salmon (Columbia River ESU) - Upper Gorge Tributaries,Upper Gorge Tributaries,,Columbia River Chum Salmon ESU,Chum,,,900,Contributing,,,Extant,,,,,,,,TRUE
124,NOAA Salmonid Population Summary,Status Review 2015,4/25/2016,Chum Salmon (Columbia River ESU) - Washougal River,Washougal River,Cascade,Columbia River Chum Salmon ESU,Chum,,,1300,Primary,None,4,Extant,available,Same,,NOAA Salmon Population Summary database ,https://www.webapps.nwfsc.noaa.gov/apex/f?p=261:HOME:::::: ,TRUE,TRUE,TRUE
125,,,,Chum Salmon (Columbia River ESU) - Youngs Bay,Youngs Bay,,Columbia River Chum Salmon ESU,Chum,,,500,Stabilizing,,,Extant,,,,,,,,TRUE
129,,,,Coho Salmon (Lower Columbia River ESU) - Cispus River,Cispus River,Cascade,Lower Columbia River Coho Salmon ESU,Coho,,,2000,Primary,,4,Extant,,,,,,,,TRUE
132,Coordinated Assessments,,11/19/2016,Coho Salmon (Lower Columbia River ESU) - Coweeman River,Coweeman River,Cascade,Lower Columbia River Coho Salmon ESU,Coho,,,1200,Primary,,4,Extant,,,,Coordinated Assessments Exchange (CAX): Published  ,http://www.streamnet.org/data/downloadable-data/,TRUE,,TRUE
133,Coordinated Assessments,,11/19/2016,Coho Salmon (Lower Columbia River ESU) - East Fork Lewis River,East Fork Lewis River,Cascade,Lower Columbia River Coho Salmon ESU,Coho,,,2000,Primary,,4,Extant,,,,Coordinated Assessments Exchange (CAX): Published  ,http://www.streamnet.org/data/downloadable-data/,TRUE,,TRUE
134,Coordinated Assessments,,11/19/2016,Coho Salmon (Lower Columbia River ESU) - Elochoman River,Elochoman River,Cascade,Lower Columbia River Coho Salmon ESU,Coho,,,2400,Primary,,4,Extant,,,,Coordinated Assessments Exchange (CAX): Published  ,http://www.streamnet.org/data/downloadable-data/,TRUE,,TRUE
135,Coordinated Assessments,,11/19/2016,Coho Salmon (Lower Columbia River ESU) - Grays & Chinook Rivers,Grays & Chinook Rivers,Cascade,Lower Columbia River Coho Salmon ESU,Coho,,,2400,Primary,,4,Extant,,,,Coordinated Assessments Exchange (CAX): Published  ,http://www.streamnet.org/data/downloadable-data/,TRUE,,TRUE
136,Coordinated Assessments,,11/19/2016,Coho Salmon (Lower Columbia River ESU) - Kalama River,Kalama River,Cascade,Lower Columbia River Coho Salmon ESU,Coho,,,500,Contributing,,4,Extant,,,,Coordinated Assessments Exchange (CAX): Published  ,http://www.streamnet.org/data/downloadable-data/,TRUE,,TRUE
137,Coordinated Assessments,,11/19/2016,Coho Salmon (Lower Columbia River ESU) - Lower Cowlitz River,Lower Cowlitz River,Cascade,Lower Columbia River Coho Salmon ESU,Coho,,,3700,Primary,,4,Extant,,,,Coordinated Assessments Exchange (CAX): Published  ,http://www.streamnet.org/data/downloadable-data/,TRUE,,TRUE
140,,,,Coho Salmon (Lower Columbia River ESU) - Mill Creek,Mill Creek,Cascade,Lower Columbia River Coho Salmon ESU,Coho,,,1800,Contributing,,4,Extant,,,,,,,,TRUE
141,NOAA Salmonid Population Summary,Status Review 2015,4/25/2016,Coho Salmon (Lower Columbia River ESU) - North Fork Lewis River,North Fork Lewis River,Cascade,Lower Columbia River Coho Salmon ESU,Coho,,,500,Contributing,,4,Extant,pending,,,,,,TRUE,TRUE
142,,,,Coho Salmon (Lower Columbia River ESU) - North Fork Toutle River,North Fork Toutle River,Cascade,Lower Columbia River Coho Salmon ESU,Coho,,,1900,Primary,,4,Extant,,,,,,,,TRUE
144,,,,Coho Salmon (Lower Columbia River ESU) - Salmon Creek,Salmon Creek,Cascade,Lower Columbia River Coho Salmon ESU,Coho,,,0,Stabilizing,,4,,,,,,,,,TRUE
145,NOAA Salmonid Population Summary,Status Review 2015,4/25/2016,Coho Salmon (Lower Columbia River ESU) - Sandy River,Sandy River,Cascade,Lower Columbia River Coho Salmon ESU,Coho,,,5685,Primary,None,4,Extant,available,Same,,NOAA Salmon Population Summary database ,https://www.webapps.nwfsc.noaa.gov/apex/f?p=261:HOME:::::: ,TRUE,TRUE,TRUE
147,,,,Coho Salmon (Lower Columbia River ESU) - South Fork Toutle River,South Fork Toutle River,Cascade,Lower Columbia River Coho Salmon ESU,Coho,,,0,Stabilizing,,4,,,,,,,,,TRUE
148,NOAA Salmonid Population Summary,Status Review 2015,4/25/2016,Coho Salmon (Lower Columbia River ESU) - Tilton River,Tilton River,Cascade,Lower Columbia River Coho Salmon ESU,Coho,,,1900,Viable,None,4,Extant,available,Same,,NOAA Salmon Population Summary database ,https://www.webapps.nwfsc.noaa.gov/apex/f?p=261:HOME:::::: ,TRUE,TRUE,TRUE
149,NOAA Salmonid Population Summary,Status Review 2015,4/25/2016,Coho Salmon (Lower Columbia River ESU) - Upper Cowlitz River,Upper Cowlitz River,Cascade,Lower Columbia River Coho Salmon ESU,Coho,,,2000,Viable,None,4,Extant,available,Same,,NOAA Salmon Population Summary database ,https://www.webapps.nwfsc.noaa.gov/apex/f?p=261:HOME:::::: ,TRUE,TRUE,TRUE
151,,,,Coho Salmon (Lower Columbia River ESU) - Washougal River,Washougal River,Cascade,Lower Columbia River Coho Salmon ESU,Coho,,,1500,Contributing,,,,,,,,,,,TRUE
225,,,,Steelhead (Lower Columbia River DPS) - Cispus River Winter-run,Cispus River,Cascade,Lower Columbia River Steelhead DPS,Steelhead,,,500,Primary,,4,,,,,,,,,
227,NOAA Salmonid Population Summary,Status Review 2015,4/25/2016,Steelhead (Lower Columbia River DPS) - Coweeman River Winter-run,Coweeman River,Cascade,Lower Columbia River Steelhead DPS,Steelhead,,,500,Viable,None,4,Extant,available,Same,,NOAA Salmon Population Summary database ,https://www.webapps.nwfsc.noaa.gov/apex/f?p=261:HOME:::::: ,TRUE,TRUE,TRUE
228,NOAA Salmonid Population Summary,Status Review 2015,4/25/2016,Steelhead (Lower Columbia River DPS) - East Fork Lewis River Summer-run,East Fork Lewis River Summer,Cascade,Lower Columbia River Steelhead DPS,Steelhead,,,500,Viable,None,4,Extant,available,Same,,NOAA Salmon Population Summary database ,https://www.webapps.nwfsc.noaa.gov/apex/f?p=261:HOME:::::: ,,TRUE,TRUE
229,NOAA Salmonid Population Summary,Status Review 2015,4/25/2016,Steelhead (Lower Columbia River DPS) - East Fork Lewis River Winter-run,East Fork Lewis River Winter,Cascade,Lower Columbia River Steelhead DPS,Steelhead,,,500,Viable,None,4,Extant,available,Same,,NOAA Salmon Population Summary database ,https://www.webapps.nwfsc.noaa.gov/apex/f?p=261:HOME:::::: ,,TRUE,TRUE
232,NOAA Salmonid Population Summary,Status Review 2015,4/25/2016,Steelhead (Lower Columbia River DPS) - Kalama River Summer-run,Kalama River Summer,Cascade,Lower Columbia River Steelhead DPS,Steelhead,,,500,Viable,None,4,Extant,available,Same,,NOAA Salmon Population Summary database ,https://www.webapps.nwfsc.noaa.gov/apex/f?p=261:HOME:::::: ,,TRUE,TRUE
233,NOAA Salmonid Population Summary,Status Review 2015,4/25/2016,Steelhead (Lower Columbia River DPS) - Kalama River Winter-run,Kalama River Winter,Cascade,Lower Columbia River Steelhead DPS,Steelhead,,,600,Viable,None,4,Extant,available,Same,,NOAA Salmon Population Summary database ,https://www.webapps.nwfsc.noaa.gov/apex/f?p=261:HOME:::::: ,,TRUE,TRUE
234,,,,Steelhead (Lower Columbia River DPS) - Lower Cowlitz River Winter-run, Lower Cowlitz River Winter,Cascade,Lower Columbia River Steelhead DPS,Steelhead,,,400,Contributing,,4,Extant,,,,,,,,
236,,,,Steelhead (Lower Columbia River DPS) - North Fork Lewis River Summer-run,North Fork Lewis River Summer,Cascade,Lower Columbia River Steelhead DPS,Steelhead,,,400,Contributing,,4,Extant,,,,,,,,
237,,,,Steelhead (Lower Columbia River DPS) - North Fork Lewis River Winter-run,North Fork Lewis River Winter,Cascade,Lower Columbia River Steelhead DPS,Steelhead,,,600,Primary,,4,Extant,,,,,,,,
238,NOAA Salmonid Population Summary,Status Review 2015,4/25/2016,Steelhead (Lower Columbia River DPS) - North Fork Toutle River Winter-run,North Fork Toutle River,Cascade,Lower Columbia River Steelhead DPS,Steelhead,,,0,Maintained,None,4,Extant,available,Same,,NOAA Salmon Population Summary database ,https://www.webapps.nwfsc.noaa.gov/apex/f?p=261:HOME:::::: ,,TRUE,TRUE
239,,,,Steelhead (Lower Columbia River DPS) - Salmon Creek Winter-run,Salmon Creek,Cascade,Lower Columbia River Steelhead DPS,Steelhead,,,0,Stabilizing,,,,,,,,,,,
240,NOAA Salmonid Population Summary,Status Review 2015,4/25/2016,Steelhead (Lower Columbia River DPS) - Sandy River Winter-run,Sandy River Winter,Cascade,Lower Columbia River Steelhead DPS,Steelhead,,,1519,Viable,None,4,Extant,available,Same,,NOAA Salmon Population Summary database ,https://www.webapps.nwfsc.noaa.gov/apex/f?p=261:HOME:::::: ,TRUE,TRUE,TRUE
241,NOAA Salmonid Population Summary,Status Review 2015,4/25/2016,Steelhead (Lower Columbia River DPS) - South Fork Toutle River Winter-run,South Fork Toutle River,Cascade,Lower Columbia River Steelhead DPS,Steelhead,,,600,Viable,None,4,Extant,available,Same,,NOAA Salmon Population Summary database ,https://www.webapps.nwfsc.noaa.gov/apex/f?p=261:HOME:::::: ,,TRUE,TRUE
242,NOAA Salmonid Population Summary,Status Review 2015,4/25/2016,Steelhead (Lower Columbia River DPS) - Tilton River Winter-run,Tilton River,Cascade,Lower Columbia River Steelhead DPS,Steelhead,,,200,Viable,None,4,Extant,available,Same,,NOAA Salmon Population Summary database ,https://www.webapps.nwfsc.noaa.gov/apex/f?p=261:HOME:::::: ,TRUE,TRUE,TRUE
243,NOAA Salmonid Population Summary,Status Review 2015,4/25/2016,Steelhead (Lower Columbia River DPS) - Upper Cowlitz River Winter-run,Upper Cowlitz River,Cascade,Lower Columbia River Steelhead DPS,Steelhead,,,500,Viable,None,4,Extant,available,Same,,NOAA Salmon Population Summary database ,https://www.webapps.nwfsc.noaa.gov/apex/f?p=261:HOME:::::: ,TRUE,TRUE,TRUE
245,NOAA Salmonid Population Summary,Status Review 2015,4/25/2016,Steelhead (Lower Columbia River DPS) - Washougal River Summer-run,Washougal River Summer,Cascade,Lower Columbia River Steelhead DPS,Steelhead,,,500,Viable,None,4,Extant,available,Same,,NOAA Salmon Population Summary database ,https://www.webapps.nwfsc.noaa.gov/apex/f?p=261:HOME:::::: ,,TRUE,TRUE
246,NOAA Salmonid Population Summary,Status Review 2015,4/25/2016,Steelhead (Lower Columbia River DPS) - Washougal River Winter-run,Washougal River Winter,Cascade,Lower Columbia River Steelhead DPS,Steelhead,,,350,Viable,None,4,Extant,available,Same,,NOAA Salmon Population Summary database ,https://www.webapps.nwfsc.noaa.gov/apex/f?p=261:HOME:::::: ,,TRUE,TRUE
248,,,,Steelhead (Middle Columbia River DPS) - Crooked River,Crooked River,Cascades Eastern Slope Tributaries,Middle Columbia River Steelhead DPS,Steelhead,2250,675,0,,Very Large,3,Extirpated (reintroduction),,,,,,,,TRUE
249,NOAA Salmonid Population Summary,Status Review 2015,4/25/2016,Steelhead (Middle Columbia River DPS) - Deschutes River - eastside,Deschutes River (Eastside),Cascades Eastern Slope Tributaries,Middle Columbia River Steelhead DPS,Steelhead,1000,300,1000,Viable,Intermediate,2,Extant,available,Same,,NOAA Salmon Population Summary database ,https://www.webapps.nwfsc.noaa.gov/apex/f?p=261:HOME:::::: ,TRUE,TRUE,TRUE
250,NOAA Salmonid Population Summary,Status Review 2015,4/25/2016,Steelhead (Middle Columbia River DPS) - Deschutes River - westside,Deschutes River (Westside),Cascades Eastern Slope Tributaries,Middle Columbia River Steelhead DPS,Steelhead,1500,450,1500,Viable,Large,2,Extant,available,Same,,NOAA Salmon Population Summary database ,https://www.webapps.nwfsc.noaa.gov/apex/f?p=261:HOME:::::: ,TRUE,TRUE,TRUE
251,NOAA Salmonid Population Summary,Status Review 2015,4/25/2016,Steelhead (Middle Columbia River DPS) - Fifteenmile Creek Winter-run,Fifteenmile Creek,Cascades Eastern Slope Tributaries,Middle Columbia River Steelhead DPS,Steelhead,500,150,500,Viable,Basic,2,Extant,available,Same,Wild/none,NOAA Salmon Population Summary database ,https://www.webapps.nwfsc.noaa.gov/apex/f?p=261:HOME:::::: ,TRUE,TRUE,TRUE
254,Coordinated Assessments,,11/19/2016,Steelhead (Middle Columbia River DPS) - Klickitat River,Klickitat River,Cascades Eastern Slope Tributaries,Middle Columbia River Steelhead DPS,Steelhead,1000,300,1000,Viable,Intermediate,2,Provisional,available,Same,Isolated Harvest and Integrated Conservation,Published: Non CAX DES Format Compliant,http://yakamafish-nsn.gov/restore/projects/star,TRUE,,TRUE
258,,,,Steelhead (Middle Columbia River DPS) - Rock Creek,Rock Creek,Cascades Eastern Slope Tributaries,Middle Columbia River Steelhead DPS,Steelhead,500,150,225,Maintained,Basic,3,Extant,none,,Wild/None,,,,,TRUE
265,,,,Steelhead (Middle Columbia River DPS) - White Salmon River,White Salmon River,Cascades Eastern Slope Tributaries,Middle Columbia River Steelhead DPS,Steelhead,500,150,0,,Basic,,Functionally Extirpated,,,,,,,,TRUE
303,,,,Steelhead (Snake River Basin DPS) - Clearwater River Lower Mainstem,Clearwater River Lower Mainstem,Clearwater River,Snake River Basin Steelhead DPS,Steelhead,1500,450,100,Viable,Large,3,Extant,pending,,,,,,,
313,,,,Steelhead (Snake River Basin DPS) - Lochsa River,Lochsa River,Clearwater River,Snake River Basin Steelhead DPS,Steelhead,1000,300,1000,Viable,Intermediate,1,Provisional,pending,Same,,Published: Non CAX DES Format Compliant,https://www.cbfish.org/BiologicalOpinionAction.mvc/Index/2015/BiOpRpaStatus,,,TRUE
314,,,,Steelhead (Snake River Basin DPS) - Lolo Creek,Lolo Creek,Clearwater River,Snake River Basin Steelhead DPS,Steelhead,500,150,100,Viable,Basic,1,Provisional,pending,Same,Integrated Conservation,Published: Non CAX DES Format Compliant,https://www.cbfish.org/BiologicalOpinionAction.mvc/Index/2015/BiOpRpaStatus,,,TRUE
316,,,,Steelhead (Snake River Basin DPS) - North Fork Clearwater River,North Fork Clearwater River,Clearwater River,Snake River Basin Steelhead DPS,Steelhead,1500,450,0,,,3,Extirpated,none,,,,,,,TRUE
322,,,,Steelhead (Snake River Basin DPS) - Selway River,Selway River,Clearwater River,Snake River Basin Steelhead DPS,Steelhead,1000,300,1000,Viable,Intermediate,1,Extant,pending,,Wild/None,,,,,TRUE
323,,,,Steelhead (Snake River Basin DPS) - South Fork Clearwater River,South Fork Clearwater River,Clearwater River,Snake River Basin Steelhead DPS,Steelhead,1000,300,100,Viable,Intermediate,1,Provisional,pending,Same,Isolated Harvest and Integrated Conservation,Published: Non CAX DES Format Compliant,https://www.cbfish.org/BiologicalOpinionAction.mvc/Index/2015/BiOpRpaStatus,,,TRUE
1,Coordinated Assessments,,11/19/2016,Chinook Salmon (Lower Columbia River ESU) - Big Creek Fall-run,Big Creek,Coastal,Lower Columbia River Chinook Salmon ESU,Chinook,,,1800,Primary,,4,,pending,,,Coordinated Assessments Exchange (CAX): Published  ,http://www.streamnet.org/data/downloadable-data/,TRUE,,TRUE
2,,,,Chinook Salmon (Lower Columbia River ESU) - Chinook River Fall-run,Chinook River,Coastal,Lower Columbia River Chinook Salmon ESU,Chinook,,, ,,,,,,,,,,,,
5,Coordinated Assessments,,11/19/2016,Chinook Salmon (Lower Columbia River ESU) - Clatskanie River Fall-run,Clatskanie River,Coastal,Lower Columbia River Chinook Salmon ESU,Chinook,,,1277,Primary,,4,,available,,,Coordinated Assessments Exchange (CAX): Published  ,http://www.streamnet.org/data/downloadable-data/,TRUE,,TRUE
7,NOAA Salmonid Population Summary,Status Review 2015,4/25/2016,Chinook Salmon (Lower Columbia River ESU) - Elochoman River Fall-run,Elochoman River,Coastal,Lower Columbia River Chinook Salmon ESU,Chinook,,,1500,Primary,None,4,Extant,available,Same,,NOAA Salmon Population Summary database ,https://www.webapps.nwfsc.noaa.gov/apex/f?p=261:HOME:::::: ,TRUE,TRUE,TRUE
8,NOAA Salmonid Population Summary,Status Review 2015,4/25/2016,Chinook Salmon (Lower Columbia River ESU) - Grays River Fall-run,Grays River,Coastal,Lower Columbia River Chinook Salmon ESU,Chinook,,,1000,Contributing,None,4,Extant,available,Same,,NOAA Salmon Population Summary database ,https://www.webapps.nwfsc.noaa.gov/apex/f?p=261:HOME:::::: ,TRUE,TRUE,TRUE
17,NOAA Salmonid Population Summary,Status Review 2015,4/25/2016,Chinook Salmon (Lower Columbia River ESU) - Mill Creek Fall-run,Mill Creek,Coastal,Lower Columbia River Chinook Salmon ESU,Chinook,,,900,Primary,None,4,Extant,available,Same,,NOAA Salmon Population Summary database ,https://www.webapps.nwfsc.noaa.gov/apex/f?p=261:HOME:::::: ,TRUE,TRUE,TRUE
23,,,,Chinook Salmon (Lower Columbia River ESU) - Scappoose River Fall-run,Scappoose River Fall,Coastal,Lower Columbia River Chinook Salmon ESU,Chinook,,,1222,Primary,,,,,,,,,,,
33,Coordinated Assessments,,11/19/2016,Chinook Salmon (Lower Columbia River ESU) - Youngs Bay Fall-run,Youngs Bay Fall,Coastal,Lower Columbia River Chinook Salmon ESU,Chinook,,,505,Stabilizing,,,,available,,,Coordinated Assessments Exchange (CAX): Published  ,http://www.streamnet.org/data/downloadable-data/,TRUE,,TRUE
110,,,,Chum Salmon (Columbia River ESU) - Big Creek,Big Creek,Coastal,Columbia River Chum Salmon ESU,Chum,,,500,Stabilizing,,4,,,,,,,,,
112,,,,Chum Salmon (Columbia River ESU) - Clatskanie River,Clatskanie River,Coastal,Columbia River Chum Salmon ESU,Chum,,,1000,Primary,,4,,,,,,,,,
114,,,,Chum Salmon (Columbia River ESU) - Elochoman River,Elochoman River,Coastal,Columbia River Chum Salmon ESU,Chum,,,1300,Primary,,4,,,,,,,,,
115,NOAA Salmonid Population Summary,Status Review 2015,4/25/2016,Chum Salmon (Columbia River ESU) - Grays & Chinook Rivers,Grays & Chinook Rivers,Coastal,Columbia River Chum Salmon ESU,Chum,,,1600,Primary,None,4,Extant,available,Same,,NOAA Salmon Population Summary database ,https://www.webapps.nwfsc.noaa.gov/apex/f?p=261:HOME:::::: ,TRUE,TRUE,TRUE
119,,,,Chum Salmon (Columbia River ESU) - Mill Creek,Mill Creek,Coastal,Columbia River Chum Salmon ESU,Chum,,,1300,Primary,,4,,,,,,,,,
122,,,,Chum Salmon (Columbia River ESU) - Scappoose River,Scappoose River,Coastal,Columbia River Chum Salmon ESU,Chum,,,1000,Primary,,4,,,,,,,,,
125,,,,Chum Salmon (Columbia River ESU) - Youngs Bay,Youngs Bay,Coastal,Columbia River Chum Salmon ESU,Chum,,,500,Stabilizing,,4,,,,,,,,,
128,NOAA Salmonid Population Summary,Status Review 2015,4/25/2016,Coho Salmon (Lower Columbia River ESU) - Big Creek,Big Creek,Coastal,Lower Columbia River Coho Salmon ESU,Coho,,,12,Maintained,None,4,Extant,available,Same,,NOAA Salmon Population Summary database ,https://www.webapps.nwfsc.noaa.gov/apex/f?p=261:HOME:::::: ,TRUE,TRUE,TRUE
131,NOAA Salmonid Population Summary,Status Review 2015,4/25/2016,Coho Salmon (Lower Columbia River ESU) - Clatskanie River,Clatskanie River,Coastal,Lower Columbia River Coho Salmon ESU,Coho,,,3201,Viable,None,4,Extant,available,Same,,NOAA Salmon Population Summary database ,https://www.webapps.nwfsc.noaa.gov/apex/f?p=261:HOME:::::: ,TRUE,TRUE,TRUE
146,NOAA Salmonid Population Summary,Status Review 2015,4/25/2016,Coho Salmon (Lower Columbia River ESU) - Scappoose River,Scappoose River,Coastal,Lower Columbia River Coho Salmon ESU,Coho,,,3208,Viable,None,4,Extant,available,Same,,NOAA Salmon Population Summary database ,https://www.webapps.nwfsc.noaa.gov/apex/f?p=261:HOME:::::: ,TRUE,TRUE,TRUE
152,NOAA Salmonid Population Summary,Status Review 2015,4/25/2016,Coho Salmon (Lower Columbia River ESU) - Youngs Bay,Youngs Bay,Coastal,Lower Columbia River Coho Salmon ESU,Coho,,,7,Maintained,None,4,Extant,available,Same,,NOAA Salmon Population Summary database ,https://www.webapps.nwfsc.noaa.gov/apex/f?p=261:HOME:::::: ,TRUE,TRUE,TRUE
68,,,,Chinook Salmon (Snake River Spring/Summer-run ESU) - Lapwai/Big Canyon Creek,Lapwai/Big Canyon Creek,Dry Clearwater,Snake River Spring/Summer-run Chinook Salmon ESU,Chinook,,,,,,3,Functionally Extirpated,,,Integrated Conservation,,,,,
69,,,,Chinook Salmon (Snake River Spring/Summer-run ESU) - Lawyer Creek,Lawyer Creek,Dry Clearwater,Snake River Spring/Summer-run Chinook Salmon ESU,Chinook,,,,,,3,Functionally Extirpated,,,Wild/None,,,,,
87,,,,Chinook Salmon (Snake River Spring/Summer-run ESU) - Potlatch River,Potlatch River,Dry Clearwater,Snake River Spring/Summer-run Chinook Salmon ESU,Chinook,0,0,0,,,3,Extirpated,,,Wild/None,,,,,
9,NOAA Salmonid Population Summary,Status Review 2015,4/25/2016,Chinook Salmon (Lower Columbia River ESU) - Hood River Fall-run,Hood River Fall,Gorge,Lower Columbia River Chinook Salmon ESU,Chinook,,,1245,Primary,None,2,Extant,available,Same,,NOAA Salmon Population Summary database ,https://www.webapps.nwfsc.noaa.gov/apex/f?p=261:HOME:::::: ,TRUE,TRUE,TRUE
10,Coordinated Assessments,,11/19/2016,Chinook Salmon (Lower Columbia River ESU) - Hood River Spring-run,Hood River Spring,Gorge,Lower Columbia River Chinook Salmon ESU,Chinook,,,1493,Primary,,2,,available,,,Coordinated Assessments Exchange (CAX): Published  ,http://www.streamnet.org/data/downloadable-data/,TRUE,,TRUE
16,Coordinated Assessments,,11/19/2016,Chinook Salmon (Lower Columbia River ESU) - Lower Gorge Tributaries Fall-run,Lower Gorge Tributaries Fall,Gorge,Lower Columbia River Chinook Salmon ESU,Chinook,,,,Contributing,,,,available,,,Coordinated Assessments Exchange (CAX): Published  ,http://www.streamnet.org/data/downloadable-data/,TRUE,,TRUE
29,NOAA Salmonid Population Summary,Status Review 2015,4/25/2016,Chinook Salmon (Lower Columbia River ESU) - Upper Gorge Tributaries Fall-run,Upper Gorge Tributaries,Gorge,Lower Columbia River Chinook Salmon ESU,Chinook,,,1200,Contributing,None,4,Extant,available,Same,,NOAA Salmon Population Summary database ,https://www.webapps.nwfsc.noaa.gov/apex/f?p=261:HOME:::::: ,TRUE,TRUE,TRUE
31,NOAA Salmonid Population Summary,Status Review 2015,4/25/2016,Chinook Salmon (Lower Columbia River ESU) - White Salmon River Fall-run,White Salmon River Fall,Gorge,Lower Columbia River Chinook Salmon ESU,Chinook,,,500,Contributing,None,4,Extant,available,Same,,NOAA Salmon Population Summary database ,https://www.webapps.nwfsc.noaa.gov/apex/f?p=261:HOME:::::: ,TRUE,TRUE,TRUE
32,NOAA Salmonid Population Summary,Status Review 2015,4/25/2016,Chinook Salmon (Lower Columbia River ESU) - White Salmon River Spring-run,White Salmon River Spring,Gorge,Lower Columbia River Chinook Salmon ESU,Chinook,,,500,Contributing,None,4,Extant,available,Same,,NOAA Salmon Population Summary database ,https://www.webapps.nwfsc.noaa.gov/apex/f?p=261:HOME:::::: ,TRUE,TRUE,TRUE
118,NOAA Salmonid Population Summary,Status Review 2015,4/25/2016,Chum Salmon (Columbia River ESU) - Lower Gorge Tributaries,Lower Gorge Tributaries,Gorge,Columbia River Chum Salmon ESU,Chum,,,2000,Primary (1),None,3,Extant,available,Same,,NOAA Salmon Population Summary database ,https://www.webapps.nwfsc.noaa.gov/apex/f?p=261:HOME:::::: ,TRUE,TRUE,TRUE
123,NOAA Salmonid Population Summary,Status Review 2015,4/25/2016,Chum Salmon (Columbia River ESU) - Upper Gorge Tributaries,Upper Gorge Tributaries,Gorge,Columbia River Chum Salmon ESU,Chum,,,900,Contributing (1),None,3,Extant,available,Same,,NOAA Salmon Population Summary database ,https://www.webapps.nwfsc.noaa.gov/apex/f?p=261:HOME:::::: ,,TRUE,TRUE
138,NOAA Salmonid Population Summary,Status Review 2015,4/25/2016,Coho Salmon (Lower Columbia River ESU) - Lower Gorge Tributaries,Lower Gorge Tributaries,Gorge,Lower Columbia River Coho Salmon ESU,Coho,,,1900,Viable,None,4,Extant,available,Same,,NOAA Salmon Population Summary database ,https://www.webapps.nwfsc.noaa.gov/apex/f?p=261:HOME:::::: ,TRUE,TRUE,TRUE
139,,,,Coho Salmon (Lower Columbia River ESU) - Mainstem section of Upper Gorge Tributaries (Hood River and White Salmon River),Upper Gorge Tributaries,Gorge,Lower Columbia River Coho Salmon ESU,Coho,,,,,,,,,,,,,,,
143,NOAA Salmonid Population Summary,Status Review 2015,4/25/2016,Coho Salmon (Lower Columbia River ESU) - Oregon Upper Gorge tributaries and Hood River,OR Upper Gorge Tribs and Hood R,Gorge,Lower Columbia River Coho Salmon ESU,Coho,,,5162,Viable,None,4,Extant,available,Same,,NOAA Salmon Population Summary database ,https://www.webapps.nwfsc.noaa.gov/apex/f?p=261:HOME:::::: ,TRUE,TRUE,TRUE
150,NOAA Salmonid Population Summary,Status Review 2015,4/25/2016,Coho Salmon (Lower Columbia River ESU) - Washington Upper Gorge tributaries and White Salmon River,WA Upper Gorge Tribs and White Salmon R,Gorge,Lower Columbia River Coho Salmon ESU,Coho,,,1900,Viable,None,2,Extant,available,Same,,NOAA Salmon Population Summary database ,https://www.webapps.nwfsc.noaa.gov/apex/f?p=261:HOME:::::: ,TRUE,TRUE,TRUE
230,NOAA Salmonid Population Summary,Status Review 2015,4/25/2016,Steelhead (Lower Columbia River DPS) - Hood River Summer-run,Hood River Summer,Gorge,Lower Columbia River Steelhead DPS,Steelhead,,,2008,Viable,None,4,Extant,available,Same,,NOAA Salmon Population Summary database ,https://www.webapps.nwfsc.noaa.gov/apex/f?p=261:HOME:::::: ,TRUE,TRUE,TRUE
231,NOAA Salmonid Population Summary,Status Review 2015,4/25/2016,Steelhead (Lower Columbia River DPS) - Hood River Winter-run,Hood River Winter,Gorge,Lower Columbia River Steelhead DPS,Steelhead,,,2079,Viable,None,4,Extant,available,Same,,NOAA Salmon Population Summary database ,https://www.webapps.nwfsc.noaa.gov/apex/f?p=261:HOME:::::: ,TRUE,TRUE,TRUE
235,,,,Steelhead (Lower Columbia River DPS) - Lower Gorge Tributaries Winter-run, Lower Gorge Tributaries Winter,Gorge,Lower Columbia River Steelhead DPS,Steelhead,,,300,Primary,,4,,,,,,,,,
244,NOAA Salmonid Population Summary,Status Review 2015,4/25/2016,Steelhead (Lower Columbia River DPS) - Upper Gorge Tributaries Winter-run,Upper Gorge Tributaries,Gorge,Lower Columbia River Steelhead DPS,Steelhead,,,0,Maintained,None,4,Extant,available,Same,,NOAA Salmon Population Summary database ,https://www.webapps.nwfsc.noaa.gov/apex/f?p=261:HOME:::::: ,,TRUE,TRUE
247,NOAA Salmonid Population Summary,Status Review 2015,4/25/2016,Steelhead (Lower Columbia River DPS) - Wind River Summer-run,Wind River,Gorge,Lower Columbia River Steelhead DPS,Steelhead,,,1000,Viable,None,2,Extant,available,Same,,NOAA Salmon Population Summary database ,https://www.webapps.nwfsc.noaa.gov/apex/f?p=261:HOME:::::: ,TRUE,TRUE,TRUE
60,,,,Chinook Salmon (Snake River Spring/Summer-run ESU) - Big Sheep Creek,Big Sheep Creek,Grande Ronde / Imnaha,Snake River Spring/Summer-run Chinook Salmon ESU,Chinook,500,150,0,,Basic,3,Functionally Extirpated,,,Wild/none,,,,,TRUE
62,NOAA Salmonid Population Summary,Status Review 2015,4/25/2016,Chinook Salmon (Snake River Spring/Summer-run ESU) - Catherine Creek,Catherine Creek,Grande Ronde / Imnaha,Snake River Spring/Summer-run Chinook Salmon ESU,Chinook,750,225,750,Viable,Intermediate,1,Extant,available,Same,Integrated Conservation,NOAA Salmon Population Summary database ,https://www.webapps.nwfsc.noaa.gov/apex/f?p=261:HOME:::::: ,TRUE,TRUE,TRUE
66,NOAA Salmonid Population Summary,Status Review 2015,4/25/2016,Chinook Salmon (Snake River Spring/Summer-run ESU) - Grande Ronde River Upper Mainstem,Grande Ronde River Upper Mainstem,Grande Ronde / Imnaha,Snake River Spring/Summer-run Chinook Salmon ESU,Chinook,1000,300,250,Maintained,Large,1,Extant,available,Same,Integrated Conservation and Harvest,NOAA Salmon Population Summary database ,https://www.webapps.nwfsc.noaa.gov/apex/f?p=261:HOME:::::: ,TRUE,TRUE,TRUE
67,NOAA Salmonid Population Summary,Status Review 2015,4/25/2016,Chinook Salmon (Snake River Spring/Summer-run ESU) - Imnaha River Mainstem,Imnaha River Mainstem,Grande Ronde / Imnaha,Snake River Spring/Summer-run Chinook Salmon ESU,Chinook,750,225,750,Viable,Intermediate,2,Extant,available,Same,Integrated Conservation,NOAA Salmon Population Summary database ,https://www.webapps.nwfsc.noaa.gov/apex/f?p=261:HOME:::::: ,TRUE,TRUE,TRUE
74,,,,Chinook Salmon (Snake River Spring/Summer-run ESU) - Lookingglass Creek,Lookingglass Creek,Grande Ronde / Imnaha,Snake River Spring/Summer-run Chinook Salmon ESU,Chinook,500,150,0,,Basic,3,Extirpated (reintroduction),,,Reintroduction,,,,,TRUE
76,NOAA Salmonid Population Summary,Status Review 2015,4/25/2016,Chinook Salmon (Snake River Spring/Summer-run ESU) - Lostine River,Lostine River,Grande Ronde / Imnaha,Snake River Spring/Summer-run Chinook Salmon ESU,Chinook,1000,300,1000,Viable,Large,2,Extant,available,Same,Integrated Conservation and Harvest,NOAA Salmon Population Summary database ,https://www.webapps.nwfsc.noaa.gov/apex/f?p=261:HOME:::::: ,TRUE,TRUE,TRUE
82,NOAA Salmonid Population Summary,Status Review 2015,4/25/2016,Chinook Salmon (Snake River Spring/Summer-run ESU) - Minam River,Minam River,Grande Ronde / Imnaha,Snake River Spring/Summer-run Chinook Salmon ESU,Chinook,750,225,750,Viable,Intermediate,2,Extant,available,Same,Wild/None,NOAA Salmon Population Summary database ,https://www.webapps.nwfsc.noaa.gov/apex/f?p=261:HOME:::::: ,TRUE,TRUE,TRUE
98,NOAA Salmonid Population Summary,Status Review 2015,4/25/2016,Chinook Salmon (Snake River Spring/Summer-run ESU) - Wenaha River,Wenaha River,Grande Ronde / Imnaha,Snake River Spring/Summer-run Chinook Salmon ESU,Chinook,750,225,250,Maintained,Intermediate,3,Extant,available,Same,Wild/None,NOAA Salmon Population Summary database ,https://www.webapps.nwfsc.noaa.gov/apex/f?p=261:HOME:::::: ,TRUE,TRUE,TRUE
305,,,,Steelhead (Snake River Basin DPS) - Grande Ronde River Lower Mainstem Tributaries,Grande Ronde River Lower Mainstem,Grande Ronde River,Snake River Basin Steelhead DPS,Steelhead,1000,300,100,Maintained,Intermediate,2,Extant,pending,,Isolated harvest,,,,,TRUE
306,NOAA Salmonid Population Summary,Status Review 2015,4/25/2016,Steelhead (Snake River Basin DPS) - Grande Ronde River Upper Mainstem,Grande Ronde River Upper Mainstem,Grande Ronde River,Snake River Basin Steelhead DPS,Steelhead,1500,450,1500,Viable,Large,2,Extant,available,Same,Wild/None,NOAA Salmon Population Summary database ,https://www.webapps.nwfsc.noaa.gov/apex/f?p=261:HOME:::::: ,TRUE,TRUE,TRUE
310,NOAA Salmonid Population Summary,Status Review 2015,4/25/2016,Steelhead (Snake River Basin DPS) - Joseph Creek,Joseph Creek,Grande Ronde River,Snake River Basin Steelhead DPS,Steelhead,500,150,500,Viable,Basic,2,Extant,available,Same,Wild/None,NOAA Salmon Population Summary database ,https://www.webapps.nwfsc.noaa.gov/apex/f?p=261:HOME:::::: ,TRUE,TRUE,TRUE
326,,,,Steelhead (Snake River Basin DPS) - Wallowa River,Wallowa River,Grande Ronde River,Snake River Basin Steelhead DPS,Steelhead,1000,300,750,Maintained,Intermediate,2,Extant,pending,,Isolated harvest,,,,,TRUE
307,,,,Steelhead (Snake River Basin DPS) - Hells Canyon,Hells Canyon,Hells Canyon,Snake River Basin Steelhead DPS,Steelhead,500,150,,,Basic,2,Extant,,,,,,,,
308,,,,Steelhead (Snake River Basin DPS) - Imnaha Camp Creek Index Area,Imnaha Camp Creek Index Area,Imnaha River,Snake River Basin Steelhead DPS,Steelhead,,,,,,,,,,,,,,,
309,,,,Steelhead (Snake River Basin DPS) - Imnaha River,Imnaha River,Imnaha River,Snake River Basin Steelhead DPS,Steelhead,1000,300,1000,Viable,Intermediate,2,Provisional,,Same,Integrated Harvest,Published: Non CAX DES Format Compliant,https://www.cbfish.org/BiologicalOpinionAction.mvc/Index/2015/BiOpRpaStatus,,,TRUE
252,NOAA Salmonid Population Summary,Status Review 2015,4/25/2016,Steelhead (Middle Columbia River DPS) - John Day River Lower Mainstem Tributaries,John Day R Lower Mainstem Tribs,John Day River,Middle Columbia River Steelhead DPS,Steelhead,2250,675,2250,Viable,Very Large,2,Extant,available,Same,Wild/None,NOAA Salmon Population Summary database ,https://www.webapps.nwfsc.noaa.gov/apex/f?p=261:HOME:::::: ,TRUE,TRUE,TRUE
253,NOAA Salmonid Population Summary,Status Review 2015,4/25/2016,Steelhead (Middle Columbia River DPS) - John Day River Upper Mainstem,John Day River Upper Mainstem,John Day River,Middle Columbia River Steelhead DPS,Steelhead,1000,300,100,Maintained,Intermediate,2,Extant,available,Same,Wild/None,NOAA Salmon Population Summary database ,https://www.webapps.nwfsc.noaa.gov/apex/f?p=261:HOME:::::: ,TRUE,TRUE,TRUE
255,NOAA Salmonid Population Summary,Status Review 2015,4/25/2016,Steelhead (Middle Columbia River DPS) - Middle Fork John Day River,Middle Fork John Day River,John Day River,Middle Columbia River Steelhead DPS,Steelhead,1000,300,1000,Viable,Intermediate,2,Extant,available,Same,Wild/None,NOAA Salmon Population Summary database ,https://www.webapps.nwfsc.noaa.gov/apex/f?p=261:HOME:::::: ,TRUE,TRUE,TRUE
257,NOAA Salmonid Population Summary,Status Review 2015,4/25/2016,Steelhead (Middle Columbia River DPS) - North Fork John Day River,North Fork John Day River,John Day River,Middle Columbia River Steelhead DPS,Steelhead,1500,450,1500,Viable,Large,2,Extant,available,Same,Wild/None,NOAA Salmon Population Summary database ,https://www.webapps.nwfsc.noaa.gov/apex/f?p=261:HOME:::::: ,TRUE,TRUE,TRUE
260,NOAA Salmonid Population Summary,Status Review 2015,4/25/2016,Steelhead (Middle Columbia River DPS) - South Fork John Day River,South Fork John Day River,John Day River,Middle Columbia River Steelhead DPS,Steelhead,500,150,100,Maintained,Basic,2,Extant,available,Same,Wild/None,NOAA Salmon Population Summary database ,https://www.webapps.nwfsc.noaa.gov/apex/f?p=261:HOME:::::: ,TRUE,TRUE,TRUE
57,Coordinated Assessments,,11/19/2016,Chinook Salmon (Snake River Spring/Summer-run ESU) - Asotin Creek,Asotin Creek,Lower Snake,Snake River Spring/Summer-run Chinook Salmon ESU,Chinook,,,,,Basic,3,Functionally Extirpated,,,Wild/None,Coordinated Assessments Exchange (CAX): Published  ,http://www.streamnet.org/data/downloadable-data/,TRUE,,TRUE
93,NOAA Salmonid Population Summary,Status Review 2015,4/25/2016,Chinook Salmon (Snake River Spring/Summer-run ESU) - Tucannon River,Tucannon River,Lower Snake,Snake River Spring/Summer-run Chinook Salmon ESU,Chinook,750,225,750,Viable,Intermediate,1,Extant,available,Same,Integrated Conservation,NOAA Salmon Population Summary database ,https://www.webapps.nwfsc.noaa.gov/apex/f?p=261:HOME:::::: ,TRUE,TRUE,TRUE
300,Coordinated Assessments,,11/19/2016,Steelhead (Snake River Basin DPS) - Asotin Creek,Asotin Creek,Lower Snake,Snake River Basin Steelhead DPS,Steelhead,500,150,500,Viable,Basic,2,Provisional,available,Same,Wild/None,Coordinated Assessments Exchange (CAX): Published  ,http://www.streamnet.org/data/downloadable-data/,TRUE,,TRUE
325,,,,Steelhead (Snake River Basin DPS) - Tucannon River,Tucannon River,Lower Snake,Snake River Basin Steelhead DPS,Steelhead,1000,300,1000,Viable,Intermediate,2,Extant,pending,,Integrated Conservation and Harvest,Coordinated Assessments Exchange (CAX): Published  ,http://www.streamnet.org/data/downloadable-data/,TRUE,,TRUE
58,NOAA Salmonid Population Summary,Status Review 2015,4/25/2016,Chinook Salmon (Snake River Spring/Summer-run ESU) - Bear Valley Creek,Bear Valley Creek,Middle Fork Salmon River,Snake River Spring/Summer-run Chinook Salmon ESU,Chinook,750,225,750,Viable,Intermediate,2,Extant,available,Same,Wild/None,NOAA Salmon Population Summary database ,https://www.webapps.nwfsc.noaa.gov/apex/f?p=261:HOME:::::: ,TRUE,TRUE,TRUE
59,NOAA Salmonid Population Summary,Status Review 2015,4/25/2016,Chinook Salmon (Snake River Spring/Summer-run ESU) - Big Creek,Big Creek,Middle Fork Salmon River,Snake River Spring/Summer-run Chinook Salmon ESU,Chinook,1000,300,1000,Viable,Large,2,Extant,available,Same,Wild/None,NOAA Salmon Population Summary database ,https://www.webapps.nwfsc.noaa.gov/apex/f?p=261:HOME:::::: ,TRUE,TRUE,TRUE
61,NOAA Salmonid Population Summary,Status Review 2015,4/25/2016,Chinook Salmon (Snake River Spring/Summer-run ESU) - Camas Creek,Camas Creek,Middle Fork Salmon River,Snake River Spring/Summer-run Chinook Salmon ESU,Chinook,500,150,250,Maintained,Basic,3,Extant,available,Same,Wild/None,NOAA Salmon Population Summary database ,https://www.webapps.nwfsc.noaa.gov/apex/f?p=261:HOME:::::: ,TRUE,TRUE,TRUE
63,NOAA Salmonid Population Summary,Status Review 2015,4/25/2016,Chinook Salmon (Snake River Spring/Summer-run ESU) - Chamberlain Creek,Chamberlain Creek,Middle Fork Salmon River,Snake River Spring/Summer-run Chinook Salmon ESU,Chinook,500,150,500,Viable,Basic,3,Extant,available,Same,Wild/None,NOAA Salmon Population Summary database ,https://www.webapps.nwfsc.noaa.gov/apex/f?p=261:HOME:::::: ,TRUE,TRUE,TRUE
75,NOAA Salmonid Population Summary,Status Review 2015,4/25/2016,Chinook Salmon (Snake River Spring/Summer-run ESU) - Loon Creek,Loon Creek,Middle Fork Salmon River,Snake River Spring/Summer-run Chinook Salmon ESU,Chinook,500,150,500,Viable,Basic,3,Extant,available,Same,Wild/None,NOAA Salmon Population Summary database ,https://www.webapps.nwfsc.noaa.gov/apex/f?p=261:HOME:::::: ,TRUE,TRUE,TRUE
78,NOAA Salmonid Population Summary,Status Review 2015,4/25/2016,Chinook Salmon (Snake River Spring/Summer-run ESU) - Marsh Creek,Marsh Creek,Middle Fork Salmon River,Snake River Spring/Summer-run Chinook Salmon ESU,Chinook,500,150,500,Viable,Basic,3,Extant,available,Same,Wild/None,NOAA Salmon Population Summary database ,https://www.webapps.nwfsc.noaa.gov/apex/f?p=261:HOME:::::: ,TRUE,TRUE,TRUE
80,NOAA Salmonid Population Summary,Status Review 2015,4/25/2016,Chinook Salmon (Snake River Spring/Summer-run ESU) - Middle Fork Salmon River above Indian Creek,Middle Fork Salmon River above Indian Ck,Middle Fork Salmon River,Snake River Spring/Summer-run Chinook Salmon ESU,Chinook,750,225,250,Maintained,Intermediate,3,Extant,available,Same,Wild/None,NOAA Salmon Population Summary database ,https://www.webapps.nwfsc.noaa.gov/apex/f?p=261:HOME:::::: ,TRUE,TRUE,TRUE
81,NOAA Salmonid Population Summary,Status Review 2015,4/25/2016,Chinook Salmon (Snake River Spring/Summer-run ESU) - Middle Fork Salmon River below Indian Creek,Middle Fork Salmon River below Indian Ck,Middle Fork Salmon River,Snake River Spring/Summer-run Chinook Salmon ESU,Chinook,500,150,250,Maintained,Basic,3,Extant,available,Same,Wild/None,NOAA Salmon Population Summary database ,https://www.webapps.nwfsc.noaa.gov/apex/f?p=261:HOME:::::: ,TRUE,TRUE,TRUE
92,NOAA Salmonid Population Summary,Status Review 2015,4/25/2016,Chinook Salmon (Snake River Spring/Summer-run ESU) - Sulphur Creek,Sulphur Creek,Middle Fork Salmon River,Snake River Spring/Summer-run Chinook Salmon ESU,Chinook,500,150,250,Maintained,Basic,3,Extant,available,Same,Wild/None,NOAA Salmon Population Summary database ,https://www.webapps.nwfsc.noaa.gov/apex/f?p=261:HOME:::::: ,TRUE,TRUE,TRUE
301,,,,"Steelhead (Snake River Basin DPS) - Big, Camas, and Loon Creek",Middle Fork Salmon River Lower Mainstem,Salmon River,Snake River Basin Steelhead DPS,Steelhead,1000,300,1000,Viable,Intermediate,1,Provisional,pending,Same,Wild/None,Published: Non CAX DES Format Compliant,https://www.cbfish.org/BiologicalOpinionAction.mvc/Index/2015/BiOpRpaStatus,,,TRUE
302,,,,Steelhead (Snake River Basin DPS) - Chamberlain Creek,Chamberlain Creek,Salmon River,Snake River Basin Steelhead DPS,Steelhead,500,150,500,Viable,Basic,3,Extant,pending,,Wild/None,,,,,TRUE
304,,,,Steelhead (Snake River Basin DPS) - East Fork Salmon River,East Fork Salmon River,Salmon River,Snake River Basin Steelhead DPS,Steelhead,500,150,500,Maintained,Intermediate,2,Extant,pending,,Wild/None,,,,,TRUE
311,,,,Steelhead (Snake River Basin DPS) - Lemhi River,Lemhi River,Salmon River,Snake River Basin Steelhead DPS,Steelhead,1000,300,1000,Viable,Intermediate,2,Provisional,pending,Same,Wild/None,Published: Non CAX DES Format Compliant,https://www.cbfish.org/BiologicalOpinionAction.mvc/Index/2015/BiOpRpaStatus,,,TRUE
312,,,,Steelhead (Snake River Basin DPS) - Little Salmon and Rapid River,Little Salmon and Rapid River,Salmon River,Snake River Basin Steelhead DPS,Steelhead,1000,300,100,Maintained,Intermediate,3,Provisional,pending,Same,Isolated Harvest,Published: Non CAX DES Format Compliant,https://www.cbfish.org/BiologicalOpinionAction.mvc/Index/2015/BiOpRpaStatus,,,TRUE
315,,,,Steelhead (Snake River Basin DPS) - Middle Fork Salmon River Upper Mainstem,Middle Fork Salmon River Upper Mainstem,Salmon River,Snake River Basin Steelhead DPS,Steelhead,1000,300,1000,Viable,Intermediate,3,Extant,pending,,Wild/None,,,,,TRUE
317,,,,Steelhead (Snake River Basin DPS) - North Fork Salmon River,North Fork Salmon River,Salmon River,Snake River Basin Steelhead DPS,Steelhead,500,150,100,Maintained,Basic,3,Extant,pending,,,,,,,TRUE
318,,,,Steelhead (Snake River Basin DPS) - Pahsimeroi River,Pahsimeroi River,Salmon River,Snake River Basin Steelhead DPS,Steelhead,1000,300,100,Maintained,Intermediate,2,Provisional,pending,Same,Wild/None,Published: Non CAX DES Format Compliant,https://www.cbfish.org/BiologicalOpinionAction.mvc/Index/2015/BiOpRpaStatus,,,TRUE
319,,,,Steelhead (Snake River Basin DPS) - Panther Creek,Panther Creek,Salmon River,Snake River Basin Steelhead DPS,Steelhead,500,150,500,Viable,Basic,3,Extant,none,,Wild/None,,,,,TRUE
320,,,,Steelhead (Snake River Basin DPS) - Salmon River Upper Mainstem,Salmon River Upper Mainstem,Salmon River,Snake River Basin Steelhead DPS,Steelhead,1000,300,100,Maintained,Intermediate,2,Provisional,pending,Same,,Published: Non CAX DES Format Compliant,https://www.cbfish.org/BiologicalOpinionAction.mvc/Index/2015/BiOpRpaStatus,,,TRUE
321,,,,Steelhead (Snake River Basin DPS) - Secesh River,Secesh River,Salmon River,Snake River Basin Steelhead DPS,Steelhead,500,150,425,Maintained,Basic,1,Provisional,available,Same,Wild/None,Published: Non CAX DES Format Compliant,https://www.cbfish.org/BiologicalOpinionAction.mvc/Index/2015/BiOpRpaStatus,,,TRUE
324,,,,Steelhead (Snake River Basin DPS) - South Fork Salmon River,South Fork Salmon River,Salmon River,Snake River Basin Steelhead DPS,Steelhead,1000,300,1000,Viable,Intermediate,1,Provisional,tentative,Same,Isolated Harvest,Published: Non CAX DES Format Compliant,https://www.cbfish.org/BiologicalOpinionAction.mvc/Index/2015/BiOpRpaStatus,,,TRUE
56,NOAA Salmonid Population Summary,Status Review 2015,4/25/2016,Chinook Salmon (Snake River Fall-run ESU) - Snake River Lower Mainstem,Snake River Fall,Snake River,Snake River Fall-run Chinook Salmon ESU,Chinook,3000,900,3000,Viable,Small,2,Extant,available,Same,Integrated Conservation and Harvest,NOAA Salmon Population Summary database ,https://www.webapps.nwfsc.noaa.gov/apex/f?p=261:HOME:::::: ,,TRUE,TRUE
65,NOAA Salmonid Population Summary,Status Review 2015,4/25/2016,Chinook Salmon (Snake River Spring/Summer-run ESU) - East Fork South Fork Salmon River,East Fork South Fork Salmon River,South Fork Salmon River,Snake River Spring/Summer-run Chinook Salmon ESU,Chinook,1000,300,250,Maintained,Large,2,Extant,available,Same,Integrated Conservation,NOAA Salmon Population Summary database ,https://www.webapps.nwfsc.noaa.gov/apex/f?p=261:HOME:::::: ,,TRUE,TRUE
71,,,,Chinook Salmon (Snake River Spring/Summer-run ESU) - Little Salmon River,Little Salmon River,South Fork Salmon River,Snake River Spring/Summer-run Chinook Salmon ESU,Chinook,500,150,250,Maintained,Basic,4,,,,Integrated Conservation and Isolated Harvest,,,,,
90,NOAA Salmonid Population Summary,Status Review 2015,4/25/2016,Chinook Salmon (Snake River Spring/Summer-run ESU) - Secesh River,Secesh River,South Fork Salmon River,Snake River Spring/Summer-run Chinook Salmon ESU,Chinook,750,225,750,Viable,Intermediate,2,Extant,available,Same,Wild/None,NOAA Salmon Population Summary database ,https://www.webapps.nwfsc.noaa.gov/apex/f?p=261:HOME:::::: ,,TRUE,TRUE
91,NOAA Salmonid Population Summary,Status Review 2015,4/25/2016,Chinook Salmon (Snake River Spring/Summer-run ESU) - South Fork Salmon River Mainstem,South Fork Salmon River Mainstem,South Fork Salmon River,Snake River Spring/Summer-run Chinook Salmon ESU,Chinook,1000,300,1000,Viable,Large,2,Extant,available,Same,Integrated Conservation and Isolated Harvest,NOAA Salmon Population Summary database ,https://www.webapps.nwfsc.noaa.gov/apex/f?p=261:HOME:::::: ,TRUE,TRUE,TRUE
215,,,,Sockeye Salmon (Snake River ESU) - Alturas Creek,Alturas Creek,Stanley Basin,Snake River Sockeye Salmon ESU,Sockeye,1000,300,1000,Viable,Intermediate,2,Extirpated,,,,,,,,TRUE
216,,,,Sockeye Salmon (Snake River ESU) - Hellroaring Creek,Hellroaring Creek,Stanley Basin,Snake River Sockeye Salmon ESU,Sockeye,,,0,,,,Extirpated,,,,,,,,TRUE
219,,,,Sockeye Salmon (Snake River ESU) - Petit Lake,Petit Lake,Stanley Basin,Snake River Sockeye Salmon ESU,Sockeye,500,150,500,Viable,Small,2,Extirpated,,,,,,,,TRUE
220,,,,Sockeye Salmon (Snake River ESU) - Redfish Lake,Redfish Lake,Stanley Basin,Snake River Sockeye Salmon ESU,Sockeye,1000,300,1000,Viable,Intermediate,2,Extant,available,Same,,Published: Non CAX DES Format Compliant,https://fishandgame.idaho.gov/ifwis/portal/,,,TRUE
221,,,,Sockeye Salmon (Snake River ESU) - Stanley Lake,Stanley Lake,Stanley Basin,Snake River Sockeye Salmon ESU,Sockeye,500,150,500,Viable,Small,2,Extirpated,,,,,,,,TRUE
224,,,,Sockeye Salmon (Snake River ESU) - Yellow Belly Lake,Yellow Belly Lake,Stanley Basin,Snake River Sockeye Salmon ESU,Sockeye,500,150,500,Viable,Small,2,Extirpated,,,,,,,,TRUE
262,NOAA Salmonid Population Summary,Status Review 2015,4/25/2016,Steelhead (Middle Columbia River DPS) - Touchet River,Touchet River,Umatilla And Walla Walla River,Middle Columbia River Steelhead DPS,Steelhead,1000,300,100,Maintained,Intermediate,2,Extant,available,Same,Integrated Conservation and Harvest,NOAA Salmon Population Summary database ,https://www.webapps.nwfsc.noaa.gov/apex/f?p=261:HOME:::::: ,TRUE,TRUE,TRUE
263,NOAA Salmonid Population Summary,Status Review 2015,4/25/2016,Steelhead (Middle Columbia River DPS) - Umatilla River,Umatilla River,Umatilla And Walla Walla River,Middle Columbia River Steelhead DPS,Steelhead,1500,450,1500,Viable,Large,2,Extant,available,Same,Integrated Harvest,NOAA Salmon Population Summary database ,https://www.webapps.nwfsc.noaa.gov/apex/f?p=261:HOME:::::: ,TRUE,TRUE,TRUE
264,NOAA Salmonid Population Summary,Status Review 2015,4/25/2016,Steelhead (Middle Columbia River DPS) - Walla Walla River,Walla Walla River,Umatilla And Walla Walla River,Middle Columbia River Steelhead DPS,Steelhead,1000,300,1000,Viable,Intermediate,2,Extant,available,Same,Wild/None ,NOAA Salmon Population Summary database ,https://www.webapps.nwfsc.noaa.gov/apex/f?p=261:HOME:::::: ,TRUE,TRUE,TRUE
266,,,,Steelhead (Middle Columbia River DPS) - Willow Creek,Willow Creek,Umatilla And Walla Walla River,Middle Columbia River Steelhead DPS,Steelhead,,,0,,Intermediate,,Functionally Extirpated,,,,,,,,TRUE
100,NOAA Salmonid Population Summary,Status Review 2015,4/25/2016,Chinook Salmon (Upper Columbia River Spring-run ESU) - Entiat River,Entiat River,Upper Columbia / East Slope Cascades,Upper Columbia River Spring-run Chinook Salmon ESU,Chinook,500,150,500,Viable,Basic,1,Extant,available,Same,Wild/None,NOAA Salmon Population Summary database ,https://www.webapps.nwfsc.noaa.gov/apex/f?p=261:HOME:::::: ,TRUE,TRUE,TRUE
101,NOAA Salmonid Population Summary,Status Review 2015,4/25/2016,Chinook Salmon (Upper Columbia River Spring-run ESU) - Methow River,Methow River,Upper Columbia / East Slope Cascades,Upper Columbia River Spring-run Chinook Salmon ESU,Chinook,2000,600,2000,Viable,Very Large,1,Extant,available,Same,Integrated Conservation,NOAA Salmon Population Summary database ,https://www.webapps.nwfsc.noaa.gov/apex/f?p=261:HOME:::::: ,TRUE,TRUE,TRUE
102,NOAA Salmonid Population Summary,Status Review 2015,4/25/2016,Chinook Salmon (Upper Columbia River Spring-run ESU) - Wenatchee River,Wenatchee River,Upper Columbia / East Slope Cascades,Upper Columbia River Spring-run Chinook Salmon ESU,Chinook,2000,600,2000,Viable,Very Large,1,Extant,available,Same,Integrated Conservation,NOAA Salmon Population Summary database ,https://www.webapps.nwfsc.noaa.gov/apex/f?p=261:HOME:::::: ,TRUE,TRUE,TRUE
327,,,,Steelhead (Upper Columbia River DPS) - Crab Creek,Crab Creek,Upper Columbia / East Slope Cascades,Upper Columbia River Steelhead DPS,Steelhead,,,0,,,,Functionally Extirpated,,,Wild/None,,,,,TRUE
328,NOAA Salmonid Population Summary,Status Review 2015,4/25/2016,Steelhead (Upper Columbia River DPS) - Entiat River,Entiat River,Upper Columbia / East Slope Cascades,Upper Columbia River Steelhead DPS,Steelhead,500,150,500,Viable,Basic,1,Extant,available,Same,,NOAA Salmon Population Summary database ,https://www.webapps.nwfsc.noaa.gov/apex/f?p=261:HOME:::::: ,TRUE,TRUE,TRUE
329,NOAA Salmonid Population Summary,Status Review 2015,4/25/2016,Steelhead (Upper Columbia River DPS) - Methow River,Methow River,Upper Columbia / East Slope Cascades,Upper Columbia River Steelhead DPS,Steelhead,1000,300,1000,Viable,Intermediate,1,Extant,available,Same,,NOAA Salmon Population Summary database ,https://www.webapps.nwfsc.noaa.gov/apex/f?p=261:HOME:::::: ,TRUE,TRUE,TRUE
330,NOAA Salmonid Population Summary,Status Review 2015,4/25/2016,Steelhead (Upper Columbia River DPS) - Okanogan River,Okanogan River,Upper Columbia / East Slope Cascades,Upper Columbia River Steelhead DPS,Steelhead,1000,300,1000,Viable,Intermediate,1,Extant,available,Same,,NOAA Salmon Population Summary database ,https://www.webapps.nwfsc.noaa.gov/apex/f?p=261:HOME:::::: ,TRUE,TRUE,TRUE
331,NOAA Salmonid Population Summary,Status Review 2015,4/25/2016,Steelhead (Upper Columbia River DPS) - Wenatchee River,Wenatchee River,Upper Columbia / East Slope Cascades,Upper Columbia River Steelhead DPS,Steelhead,1000,300,1000,Viable,Intermediate,1,Extant,available,Same,Integrated Conservation,NOAA Salmon Population Summary database ,https://www.webapps.nwfsc.noaa.gov/apex/f?p=261:HOME:::::: ,TRUE,TRUE,TRUE
337,,,,Chinook Salmon (Upper Columbia River Spring-run ESU) - Okanogan River,Okanogan River,Upper Columbia / East Slope Cascades,Upper Columbia River Spring-run Chinook Salmon ESU,Chinook,750,225,0,None,Intermediate,2,Extirpated (reintroduction),,,Reintroduction,,,,,TRUE
64,NOAA Salmonid Population Summary,Status Review 2015,4/25/2016,Chinook Salmon (Snake River Spring/Summer-run ESU) - East Fork Salmon River,East Fork Salmon River,Upper Salmon River,Snake River Spring/Summer-run Chinook Salmon ESU,Chinook,1000,300,1000,Viable,Large,2,Extant,available,Same,Wild/None,NOAA Salmon Population Summary database ,https://www.webapps.nwfsc.noaa.gov/apex/f?p=261:HOME:::::: ,TRUE,TRUE,TRUE
70,NOAA Salmonid Population Summary,Status Review 2015,4/25/2016,Chinook Salmon (Snake River Spring/Summer-run ESU) - Lemhi River,Lemhi River,Upper Salmon River,Snake River Spring/Summer-run Chinook Salmon ESU,Chinook,2000,600,2000,Viable,Very Large,2,Extant,available,Same,Wild/None,NOAA Salmon Population Summary database ,https://www.webapps.nwfsc.noaa.gov/apex/f?p=261:HOME:::::: ,TRUE,TRUE,TRUE
84,Coordinated Assessments,,11/19/2016,Chinook Salmon (Snake River Spring/Summer-run ESU) - North Fork Salmon River,North Fork Salmon River,Upper Salmon River,Snake River Spring/Summer-run Chinook Salmon ESU,Chinook,500,150,250,Maintained,Basic,3,Extant,available,Same,Wild/None,Coordinated Assessments Exchange (CAX): Published  ,http://www.streamnet.org/data/downloadable-data/,TRUE,,TRUE
85,NOAA Salmonid Population Summary,Status Review 2015,4/25/2016,Chinook Salmon (Snake River Spring/Summer-run ESU) - Pahsimeroi River,Pahsimeroi River,Upper Salmon River,Snake River Spring/Summer-run Chinook Salmon ESU,Chinook,1000,300,1000,Viable,Large,2,Extant,available,Same,Integrated Conservation and Isolated Harvest,NOAA Salmon Population Summary database ,https://www.webapps.nwfsc.noaa.gov/apex/f?p=261:HOME:::::: ,TRUE,TRUE,TRUE
86,,,,Chinook Salmon (Snake River Spring/Summer-run ESU) - Panther Creek,Panther Creek,Upper Salmon River,Snake River Spring/Summer-run Chinook Salmon ESU,Chinook,750,225,0,,Intermediate,3,Functionally Extirpated,,,Wild/None,,,,,TRUE
88,NOAA Salmonid Population Summary,Status Review 2015,4/25/2016,Chinook Salmon (Snake River Spring/Summer-run ESU) - Salmon River Lower Mainstem below Redfish Lake,Salmon R Lower Mainstem below Redfish Lk,Upper Salmon River,Snake River Spring/Summer-run Chinook Salmon ESU,Chinook,2000,600,250,Maintained,Very Large,2,Extant,available,Same,Wild/None,NOAA Salmon Population Summary database ,https://www.webapps.nwfsc.noaa.gov/apex/f?p=261:HOME:::::: ,TRUE,TRUE,TRUE
89,NOAA Salmonid Population Summary,Status Review 2015,4/25/2016,Chinook Salmon (Snake River Spring/Summer-run ESU) - Salmon River Upper Mainstem above Redfish Lake,Salmon R Upper Mainstem above Redfish Lk,Upper Salmon River,Snake River Spring/Summer-run Chinook Salmon ESU,Chinook,1000,300,1000,Viable,Large,2,Extant,available,Same,Integrated Conservation and Isolated Harvest,NOAA Salmon Population Summary database ,https://www.webapps.nwfsc.noaa.gov/apex/f?p=261:HOME:::::: ,TRUE,TRUE,TRUE
97,NOAA Salmonid Population Summary,Status Review 2015,4/25/2016,Chinook Salmon (Snake River Spring/Summer-run ESU) - Valley Creek,Valley Creek,Upper Salmon River,Snake River Spring/Summer-run Chinook Salmon ESU,Chinook,500,150,500,Viable,Basic,2,Extant,available,Same,Wild/None,NOAA Salmon Population Summary database ,https://www.webapps.nwfsc.noaa.gov/apex/f?p=261:HOME:::::: ,TRUE,TRUE,TRUE
99,NOAA Salmonid Population Summary,Status Review 2015,4/25/2016,Chinook Salmon (Snake River Spring/Summer-run ESU) - Yankee Fork,Yankee Fork,Upper Salmon River,Snake River Spring/Summer-run Chinook Salmon ESU,Chinook,500,150,250,Maintained,Basic,1,Extant,available,Same,Integrated Conservation,NOAA Salmon Population Summary database ,https://www.webapps.nwfsc.noaa.gov/apex/f?p=261:HOME:::::: ,TRUE,TRUE,TRUE
222,,,,Sockeye Salmon (Snake River ESU) - Wallowa Lake,Wallowa Lake,Wallowa,Snake River Sockeye Salmon ESU,Sockeye,,,,,,,Extirpated,,,,,,,,
72,,,,Chinook Salmon (Snake River Spring/Summer-run ESU) - Lochsa River,Lochsa River,Wet Clearwater,Snake River Spring/Summer-run Chinook Salmon ESU,Chinook,,,,,,,Functionally Extirpated,,,Isolated Harvest,,,,,
73,,,,Chinook Salmon (Snake River Spring/Summer-run ESU) - Lolo Creek,Lolo Creek,Wet Clearwater,Snake River Spring/Summer-run Chinook Salmon ESU,Chinook,,,,,,3,Functionally Extirpated,,,Integrated Conservation,Coordinated Assessments Exchange (CAX): Unpublished  ,"Nez Perce Tribe: Department of Fisheries Resource Management ""BPA Priority Population Data"" Communication September 1st 2016",,,
77,,,,Chinook Salmon (Snake River Spring/Summer-run ESU) - Lower North Fork Clearwater River,Lower North Fork Clearwater River,Wet Clearwater,Snake River Spring/Summer-run Chinook Salmon ESU,Chinook,,,,,,,Functionally Extirpated,,,Isolated Harvest,,,,,
79,,,,Chinook Salmon (Snake River Spring/Summer-run ESU) - Meadow Creek,Meadow Creek,Wet Clearwater,Snake River Spring/Summer-run Chinook Salmon ESU,Chinook,,,,,,3,Functionally Extirpated,,,Integrated Conservation,,,,,
83,,,,Chinook Salmon (Snake River Spring/Summer-run ESU) - Moose Creek,Moose Creek,Wet Clearwater,Snake River Spring/Summer-run Chinook Salmon ESU,Chinook,,,,,,,Functionally Extirpated,,,Wild/None,,,,,
94,,,,Chinook Salmon (Snake River Spring/Summer-run ESU) - Upper North Fork Clearwater River,Upper North Fork Clearwater River,Wet Clearwater,Snake River Spring/Summer-run Chinook Salmon ESU,Chinook,,,,,,,Extirpated,,,,,,,,
95,,,,Chinook Salmon (Snake River Spring/Summer-run ESU) - Upper Selway River,Upper Selway River,Wet Clearwater,Snake River Spring/Summer-run Chinook Salmon ESU,Chinook,,,,,,3,Extirpated,,,Wild/None,,,,,
96,,,,Chinook Salmon (Snake River Spring/Summer-run ESU) - Upper South Fork Clearwater River,Upper South Fork Clearwater River,Wet Clearwater,Snake River Spring/Summer-run Chinook Salmon ESU,Chinook,,,,,,3,Extirpated,,,Isolated Harvest/Integrated Conservation,,,,,
103,,,,Chinook Salmon (Upper Willamette River ESU) - Calapooia River Spring-run,Calapooia River Spring,Willamette,Upper Willamette River Chinook Salmon ESU,Chinook,,,598,,,3,,,,,,,,,
104,NOAA Salmonid Population Summary,Status Review 2015,4/25/2016,Chinook Salmon (Upper Willamette River ESU) - Clackamas River Spring-run,Clackamas River,Willamette,Upper Willamette River Chinook Salmon ESU,Chinook,,,2314,None,None,3,Extant,available,Same,,NOAA Salmon Population Summary database ,https://www.webapps.nwfsc.noaa.gov/apex/f?p=261:HOME:::::: ,TRUE,TRUE,TRUE
105,NOAA Salmonid Population Summary,Status Review 2015,4/25/2016,Chinook Salmon (Upper Willamette River ESU) - McKenzie River Spring-run,McKenzie River,Willamette,Upper Willamette River Chinook Salmon ESU,Chinook,,,10916,None,None,3,Extant,available,Same,,NOAA Salmon Population Summary database ,https://www.webapps.nwfsc.noaa.gov/apex/f?p=261:HOME:::::: ,TRUE,TRUE,TRUE
106,,,,Chinook Salmon (Upper Willamette River ESU) - Middle Fork Willamette River Spring-run,Middle Fork Willamette River,Willamette,Upper Willamette River Chinook Salmon ESU,Chinook,,,5802,,,3,,,,,,,,,
107,,,,Chinook Salmon (Upper Willamette River ESU) - Molalla River Spring-run,Molalla River,Willamette,Upper Willamette River Chinook Salmon ESU,Chinook,,,699,,,,,,,,,,,,
108,NOAA Salmonid Population Summary,Status Review 2015,4/25/2016,Chinook Salmon (Upper Willamette River ESU) - North Santiam River Spring-run,North Santiam River,Willamette,Upper Willamette River Chinook Salmon ESU,Chinook,,,5428,None,None,3,Extant,available,Same,,NOAA Salmon Population Summary database ,https://www.webapps.nwfsc.noaa.gov/apex/f?p=261:HOME:::::: ,,TRUE,TRUE
109,NOAA Salmonid Population Summary,Status Review 2015,4/25/2016,Chinook Salmon (Upper Willamette River ESU) - South Santiam River Spring-run,South Santiam River,Willamette,Upper Willamette River Chinook Salmon ESU,Chinook,,,3116,None,None,3,Extant,available,Same,,NOAA Salmon Population Summary database ,https://www.webapps.nwfsc.noaa.gov/apex/f?p=261:HOME:::::: ,,TRUE,TRUE
332,NOAA Salmonid Population Summary,Status Review 2015,4/25/2016,Steelhead (Upper Willamette River DPS) - Calapooia River Winter-run,Calapooia River,Willamette,Upper Willamette River Steelhead DPS,Steelhead,,,5512,None,None,NA,Extant,available,Same,,NOAA Salmon Population Summary database ,https://www.webapps.nwfsc.noaa.gov/apex/f?p=261:HOME:::::: ,TRUE,TRUE,TRUE
333,NOAA Salmonid Population Summary,Status Review 2015,4/25/2016,Steelhead (Upper Willamette River DPS) - Molalla River Winter-run,Molalla River,Willamette,Upper Willamette River Steelhead DPS,Steelhead,,,3226,None,None,NA,Extant,available,Same,,NOAA Salmon Population Summary database ,https://www.webapps.nwfsc.noaa.gov/apex/f?p=261:HOME:::::: ,TRUE,TRUE,TRUE
334,NOAA Salmonid Population Summary,Status Review 2015,4/25/2016,Steelhead (Upper Willamette River DPS) - North Santiam River Winter-run,North Santiam River,Willamette,Upper Willamette River Steelhead DPS,Steelhead,,,8362,None,None,4,Extant,available,Same,,NOAA Salmon Population Summary database ,https://www.webapps.nwfsc.noaa.gov/apex/f?p=261:HOME:::::: ,TRUE,TRUE,TRUE
335,NOAA Salmonid Population Summary,Status Review 2015,4/25/2016,Steelhead (Upper Willamette River DPS) - South Santiam River Winter-run,South Santiam River,Willamette,Upper Willamette River Steelhead DPS,Steelhead,,,3912,None,None,NA,Extant,available,Same,,NOAA Salmon Population Summary database ,https://www.webapps.nwfsc.noaa.gov/apex/f?p=261:HOME:::::: ,TRUE,TRUE,TRUE
336,,,,Steelhead (Upper Willamette River DPS) - West Side Tributaries Winter-run,Willamette West Side Tributaries,Willamette,Upper Willamette River Steelhead DPS,Steelhead,,,,,,,,,,,,,,,
4,Coordinated Assessments,,11/19/2016,Chinook Salmon (Lower Columbia River ESU) - Clackamas River Fall-run,Clackamas River,Willamette - Cascade,Lower Columbia River Chinook Salmon ESU,Chinook,,,1551,Contributing,,4,,available,,,Coordinated Assessments Exchange (CAX): Published  ,http://www.streamnet.org/data/downloadable-data/,TRUE,,TRUE
111,,,,Chum Salmon (Columbia River ESU) - Clackamas River,Clackamas River,Willamette - Cascade,Columbia River Chum Salmon ESU,Chum,,,500,Contributing,,4,,,,,,,,,
130,NOAA Salmonid Population Summary,Status Review 2015,4/25/2016,Coho Salmon (Lower Columbia River ESU) - Clackamas River,Clackamas River,Willamette - Cascade,Lower Columbia River Coho Salmon ESU,Coho,,,11232,Viable,None,4,Extant,available,Same,,NOAA Salmon Population Summary database ,https://www.webapps.nwfsc.noaa.gov/apex/f?p=261:HOME:::::: ,TRUE,TRUE,TRUE
226,NOAA Salmonid Population Summary,Status Review 2015,4/25/2016,Steelhead (Lower Columbia River DPS) - Clackamas River Winter-run,Clackamas River Winter,Willamette - Cascade,Lower Columbia River Steelhead DPS,Steelhead,,,10671,Viable,None,4,Extant,available,Same,,NOAA Salmon Population Summary database ,https://www.webapps.nwfsc.noaa.gov/apex/f?p=261:HOME:::::: ,TRUE,TRUE,TRUE
256,NOAA Salmonid Population Summary,Status Review 2015,4/25/2016,Steelhead (Middle Columbia River DPS) - Naches River,Naches River,Yakima River Group,Middle Columbia River Steelhead DPS,Steelhead,1500,450,1500,Viable,Large,2,Extant,available,Same,Wild/None,NOAA Salmon Population Summary database ,https://www.webapps.nwfsc.noaa.gov/apex/f?p=261:HOME:::::: ,,TRUE,TRUE
259,NOAA Salmonid Population Summary,Status Review 2015,4/25/2016,Steelhead (Middle Columbia River DPS) - Satus Creek,Satus Creek,Yakima River Group,Middle Columbia River Steelhead DPS,Steelhead,1000,300,1000,Viable,Intermediate,2,Extant,available,Same,Wild/None,NOAA Salmon Population Summary database ,https://www.webapps.nwfsc.noaa.gov/apex/f?p=261:HOME:::::: ,,TRUE,TRUE
261,NOAA Salmonid Population Summary,Status Review 2015,4/25/2016,Steelhead (Middle Columbia River DPS) - Toppenish Creek,Toppenish Creek,Yakima River Group,Middle Columbia River Steelhead DPS,Steelhead,500,150,250,Maintained,Basic,2,Extant,available,Same,Wild - Kelt,NOAA Salmon Population Summary database ,https://www.webapps.nwfsc.noaa.gov/apex/f?p=261:HOME:::::: ,,TRUE,TRUE
267,NOAA Salmonid Population Summary,Status Review 2015,4/25/2016,Steelhead (Middle Columbia River DPS) - Yakima River upper mainstem,Yakima River upper mainstem,Yakima River Group,Middle Columbia River Steelhead DPS,Steelhead,1500,450,500,Maintained,Large,2,Extant,available,Same,Wild - Kelt,NOAA Salmon Population Summary database ,https://www.webapps.nwfsc.noaa.gov/apex/f?p=261:HOME:::::: ,,TRUE,TRUE
